{
	"name": "FluidicPower",
	"version": "0.4.0",
	"title": "Fluidic Power",
	"author": "stringweasel",	
	"factorio_version": "1.1",
	"dependencies": ["base >= 1.1"],
	"description": "Overhauls the power network to use the game's built-in fluid system in an attempt to make electricity more realistic. Adds working transformers for high power transmission, and creates various new and interesting power distribution challenges. Similar to the mods Flow Network and High Voltage, but significantly different by being the first mod that uses no on-tick power calculations. This means the UPS impact should be minimal for non-gigantic bases."
}
